Frame,MAE,RMSE
1,0.0,0.0
2,0.0,0.0
3,0.0,0.0
4,0.0,0.0
5,5.4984803,12.638854
