Frame,MAE,RMSE
1,0.0,0.0
2,0.0,0.0
3,0.0,0.0
4,0.0,0.0
5,13.536482,31.495546
