Frame,MAE,RMSE
1,0.0,0.0
2,0.0,0.0
3,0.0,0.0
4,0.0,0.0
5,2.6016858,7.0622287
